Open Time,Open Price,Returns,Cumulative Returns
2023-04-13 00:05:00,18.26,0.0,0.0
2023-04-13 00:10:00,18.22,-0.2192983335010279,-0.2192983335010279
2023-04-13 00:15:00,18.2,-0.109829774906256,-0.3291281084072839
2023-04-13 00:20:00,18.14,-0.3302149395759013,-0.6593430479831852
2023-04-13 00:25:00,18.19,0.2752547843040354,-0.38408826367914983
2023-04-13 00:30:00,18.19,0.0,-0.38408826367914983
2023-04-13 00:35:00,18.26,0.38408826367914983,0.0
2023-04-13 00:40:00,18.25,-0.054779513832192706,-0.054779513832192706
2023-04-13 00:45:00,18.26,0.054779513832192706,0.0
2023-04-13 00:50:00,18.23,-0.16442864762509224,-0.16442864762509224
2023-04-13 00:55:00,18.21,-0.10976949510550504,-0.2741981427305973
2023-04-13 01:00:00,18.2,-0.05492996567668662,-0.3291281084072839
2023-04-13 01:05:00,18.17,-0.16497116746698737,-0.49409927587427127
2023-04-13 01:10:00,18.14,-0.16524377210891394,-0.6593430479831852
2023-04-13 01:15:00,18.18,0.22026440623421628,-0.43907864174896893
2023-04-13 01:20:00,18.14,-0.22026440623421628,-0.6593430479831852
2023-04-13 01:25:00,18.16,0.11019284861566447,-0.5491501993675207
2023-04-13 01:30:00,18.16,0.0,-0.5491501993675207
2023-04-13 01:35:00,18.18,0.11007155761855181,-0.43907864174896893
2023-04-13 01:40:00,18.22,0.21978030824794104,-0.2192983335010279
2023-04-13 01:45:00,18.22,0.0,-0.2192983335010279
2023-04-13 01:50:00,18.2,-0.109829774906256,-0.3291281084072839
2023-04-13 01:55:00,18.24,0.21953905634357618,-0.10958905206370773
2023-04-13 02:00:00,18.24,0.0,-0.10958905206370773
2023-04-13 02:05:00,18.26,0.10958905206370773,0.0
2023-04-13 02:10:00,18.22,-0.2192983335010279,-0.2192983335010279
2023-04-13 02:15:00,18.26,0.2192983335010279,0.0
2023-04-13 02:20:00,18.28,0.10946908591815685,0.10946908591815685
2023-04-13 02:25:00,18.26,-0.10946908591815685,0.0
2023-04-13 02:30:00,18.26,0.0,0.0
2023-04-13 02:35:00,18.25,-0.054779513832192706,-0.054779513832192706
2023-04-13 02:40:00,18.24,-0.05480953823151502,-0.10958905206370773
2023-04-13 02:45:00,18.27,0.16433857437299082,0.054749522309283094
2023-04-13 02:50:00,18.24,-0.16433857437299082,-0.10958905206370773
2023-04-13 02:55:00,18.35,0.6012589854393902,0.49166993337568243
2023-04-13 03:00:00,18.28,-0.3822008474575256,0.10946908591815685
2023-04-13 03:05:00,18.35,0.3822008474575256,0.49166993337568243
2023-04-13 03:10:00,18.42,0.38074563265815264,0.8724155660338351
2023-04-13 03:15:00,18.46,0.21691982475453564,1.0893353907883707
2023-04-13 03:20:00,18.41,-0.27122338297198567,0.818112007816385
2023-04-13 03:25:00,18.42,0.05430355821745003,0.8724155660338351
2023-04-13 03:30:00,18.41,-0.05430355821745003,0.818112007816385
2023-04-13 03:35:00,18.44,0.16282228834616497,0.98093429616255
2023-04-13 03:40:00,18.48,0.2166848085090045,1.1976191046715545
2023-04-13 03:45:00,18.52,0.21621630044950102,1.4138354051210555
2023-04-13 03:50:00,18.51,-0.054010263262682656,1.3598251418583729
2023-04-13 03:55:00,18.57,0.32362487792081396,1.6834500197791868
2023-04-13 04:00:00,18.55,-0.10775863111702755,1.5756913886621593
2023-04-13 04:05:00,18.57,0.10775863111702755,1.6834500197791868
2023-04-13 04:10:00,18.54,-0.1616815226905377,1.5217684970886491
2023-04-13 04:15:00,18.53,-0.053951984044076085,1.467816513044573
2023-04-13 04:20:00,18.53,0.0,1.467816513044573
2023-04-13 04:25:00,18.52,-0.05398110792351751,1.4138354051210555
2023-04-13 04:30:00,18.5,-0.10804971337541325,1.3057856917456423
2023-04-13 04:35:00,18.51,0.05403945011273059,1.3598251418583729
2023-04-13 04:40:00,18.5,-0.05403945011273059,1.3057856917456423
2023-04-13 04:45:00,18.48,-0.10816658707408777,1.1976191046715545
2023-04-13 04:50:00,18.45,-0.1624695727001857,1.0351495319713688
2023-04-13 04:55:00,18.44,-0.05421523580881882,0.98093429616255
2023-04-13 05:00:00,18.43,-0.05424464467163048,0.9266896514909195
2023-04-13 05:05:00,18.47,0.21680225294167244,1.143491904432592
2023-04-13 05:10:00,18.47,0.0,1.143491904432592
2023-04-13 05:15:00,18.46,-0.05415651364422125,1.0893353907883707
2023-04-13 05:20:00,18.46,0.0,1.0893353907883707
2023-04-13 05:25:00,18.48,0.10828371388318381,1.1976191046715545
2023-04-13 05:30:00,18.48,0.0,1.1976191046715545
2023-04-13 05:35:00,18.47,-0.05412720023896256,1.143491904432592
2023-04-13 05:40:00,18.47,0.0,1.143491904432592
2023-04-13 05:45:00,18.46,-0.05415651364422125,1.0893353907883707
2023-04-13 05:50:00,18.44,-0.1084010946258207,0.98093429616255
2023-04-13 05:55:00,18.48,0.2166848085090045,1.1976191046715545
2023-04-13 06:00:00,18.48,0.0,1.1976191046715545
2023-04-13 06:05:00,18.49,0.05409791854953383,1.2517170232210884
2023-04-13 06:10:00,18.47,-0.10822511878849639,1.143491904432592
2023-04-13 06:15:00,18.48,0.05412720023896256,1.1976191046715545
2023-04-13 06:20:00,18.49,0.05409791854953383,1.2517170232210884
2023-04-13 06:25:00,18.5,0.05406866852455394,1.3057856917456423
2023-04-13 06:30:00,18.46,-0.21645030095727158,1.0893353907883707
2023-04-13 06:35:00,18.46,0.0,1.0893353907883707
2023-04-13 06:40:00,18.44,-0.1084010946258207,0.98093429616255
2023-04-13 06:45:00,18.43,-0.05424464467163048,0.9266896514909195
2023-04-13 06:50:00,18.45,0.1084598804804493,1.0351495319713688
2023-04-13 06:55:00,18.44,-0.05421523580881882,0.98093429616255
2023-04-13 07:00:00,18.42,-0.10851873012871494,0.8724155660338351
2023-04-13 07:05:00,18.41,-0.05430355821745003,0.818112007816385
2023-04-13 07:10:00,18.41,0.0,0.818112007816385
2023-04-13 07:15:00,18.44,0.16282228834616497,0.98093429616255
2023-04-13 07:20:00,18.44,0.0,0.98093429616255
2023-04-13 07:25:00,18.4,-0.2171553513508062,0.7637789448117438
2023-04-13 07:30:00,18.42,0.10863662122209128,0.8724155660338351
2023-04-13 07:35:00,18.38,-0.21739138996199614,0.6550241760718389
2023-04-13 07:40:00,18.39,0.054392168868888646,0.7094163449407276
2023-04-13 07:45:00,18.44,0.27151795122182243,0.98093429616255
2023-04-13 07:50:00,18.46,0.1084010946258207,1.0893353907883707
2023-04-13 07:55:00,18.47,0.05415651364422125,1.143491904432592
2023-04-13 08:00:00,18.44,-0.16255760827004195,0.98093429616255
2023-04-13 08:05:00,18.48,0.2166848085090045,1.1976191046715545
2023-04-13 08:10:00,18.48,0.0,1.1976191046715545
2023-04-13 08:15:00,18.48,0.0,1.1976191046715545
2023-04-13 08:20:00,18.46,-0.10828371388318381,1.0893353907883707
2023-04-13 08:25:00,18.46,0.0,1.0893353907883707
2023-04-13 08:30:00,18.48,0.10828371388318381,1.1976191046715545
2023-04-13 08:35:00,18.52,0.21621630044950102,1.4138354051210555
2023-04-13 08:40:00,18.54,0.1079330919675936,1.5217684970886491
2023-04-13 08:45:00,18.6,0.3231020581446753,1.8448705552333244
2023-04-13 08:50:00,18.64,0.21482285382892208,2.0596934090622465
2023-04-13 08:55:00,18.71,0.374833102855332,2.4345265119175785
2023-04-13 09:00:00,18.69,-0.10695188185265714,2.3275746300649214
2023-04-13 09:05:00,18.73,0.21378949885253462,2.541364128917456
2023-04-13 09:10:00,18.74,0.05337603542789893,2.594740164345355
2023-04-13 09:15:00,18.81,0.3728366502663061,2.967576814611661
2023-04-13 09:20:00,18.74,-0.3728366502663061,2.594740164345355
2023-04-13 09:25:00,18.72,-0.10678057608299873,2.487959588262356
2023-04-13 09:30:00,18.78,0.3200002730670892,2.8079598613294454
2023-04-13 09:35:00,18.77,-0.05326231816993321,2.754697543159512
2023-04-13 09:40:00,18.79,0.10649628269563394,2.861193825855146
2023-04-13 09:45:00,18.79,0.0,2.861193825855146
2023-04-13 09:50:00,18.81,0.10638298875651486,2.967576814611661
2023-04-13 09:55:00,18.84,0.15936258352780008,3.126939398139461
2023-04-13 10:00:00,18.81,-0.15936258352780008,2.967576814611661
2023-04-13 10:05:00,18.82,0.0531490844294602,3.020725899041121
2023-04-13 10:10:00,18.74,-0.4259857346957663,2.594740164345355
2023-04-13 10:15:00,18.71,-0.1602136524277764,2.4345265119175785
2023-04-13 10:20:00,18.68,-0.16047074853018373,2.274055763387395
2023-04-13 10:25:00,18.75,0.37403196157232976,2.6480877249597246
2023-04-13 10:30:00,18.75,0.0,2.6480877249597246
2023-04-13 10:35:00,18.77,0.10660981819978765,2.754697543159512
2023-04-13 10:40:00,18.77,0.0,2.754697543159512
2023-04-13 10:45:00,18.77,0.0,2.754697543159512
2023-04-13 10:50:00,18.81,0.2128792714521488,2.967576814611661
2023-04-13 10:55:00,18.81,0.0,2.967576814611661
2023-04-13 11:00:00,18.79,-0.10638298875651486,2.861193825855146
2023-04-13 11:05:00,18.85,0.3188100468646038,3.18000387271975
2023-04-13 11:10:00,18.83,-0.10615712249588682,3.073846750223863
2023-04-13 11:15:00,18.85,0.10615712249588682,3.18000387271975
2023-04-13 11:20:00,18.85,0.0,3.18000387271975
2023-04-13 11:25:00,18.87,0.10604454864386881,3.2860484213636187
2023-04-13 11:30:00,18.86,-0.05300821751474949,3.2330402038488693
2023-04-13 11:35:00,18.75,-0.5849524788891447,2.6480877249597246
2023-04-13 11:40:00,18.64,-0.588394315897478,2.0596934090622465
2023-04-13 11:45:00,18.67,0.16081482961864957,2.220508238680896
2023-04-13 11:50:00,18.71,0.21401827323668243,2.4345265119175785
2023-04-13 11:55:00,18.72,0.053433076344777675,2.487959588262356
2023-04-13 12:00:00,18.68,-0.2139038248749614,2.274055763387395
2023-04-13 12:05:00,18.7,0.1070091059844458,2.3810648693718406
2023-04-13 12:10:00,18.73,0.1602992595456154,2.541364128917456
2023-04-13 12:15:00,18.72,-0.05340454065509981,2.487959588262356
2023-04-13 12:20:00,18.75,0.16012813669736836,2.6480877249597246
2023-04-13 12:25:00,18.73,-0.10672359604226855,2.541364128917456
2023-04-13 12:30:00,18.72,-0.05340454065509981,2.487959588262356
2023-04-13 12:35:00,18.74,0.10678057608299873,2.594740164345355
2023-04-13 12:40:00,18.76,0.10666667678025377,2.7014068411256087
2023-04-13 12:45:00,18.79,0.15978698472953745,2.861193825855146
2023-04-13 12:50:00,18.85,0.3188100468646038,3.18000387271975
2023-04-13 12:55:00,18.84,-0.053064474580288845,3.126939398139461
2023-04-13 13:00:00,18.89,0.2650412365201138,3.391980634659575
2023-04-13 13:05:00,18.88,-0.05295207960638315,3.3390285550531917
2023-04-13 13:10:00,18.88,0.0,3.3390285550531917
2023-04-13 13:15:00,18.88,0.0,3.3390285550531917
2023-04-13 13:20:00,18.84,-0.21208915691373065,3.126939398139461
2023-04-13 13:25:00,18.88,0.21208915691373065,3.3390285550531917
2023-04-13 13:30:00,18.95,0.3700770811081,3.7091056361612917
2023-04-13 13:35:00,18.91,-0.21130488580691775,3.497800750354374
2023-04-13 13:40:00,18.85,-0.31779687763462405,3.18000387271975
2023-04-13 13:45:00,18.85,0.0,3.18000387271975
2023-04-13 13:50:00,18.87,0.10604454864386881,3.2860484213636187
2023-04-13 13:55:00,18.82,-0.26532252232249753,3.020725899041121
2023-04-13 14:00:00,18.81,-0.0531490844294602,2.967576814611661
2023-04-13 14:05:00,18.84,0.15936258352780008,3.126939398139461
2023-04-13 14:10:00,18.87,0.15910902322415765,3.2860484213636187
2023-04-13 14:15:00,18.88,0.052980133689572995,3.3390285550531917
2023-04-13 14:20:00,18.88,0.0,3.3390285550531917
2023-04-13 14:25:00,18.87,-0.052980133689572995,3.2860484213636187
2023-04-13 14:30:00,18.91,0.21175232899075525,3.497800750354374
2023-04-13 14:35:00,18.89,-0.1058201156947991,3.391980634659575
2023-04-13 14:40:00,18.92,0.1586882110314214,3.5506688456909963
2023-04-13 14:45:00,18.9,-0.10576415581358134,3.444904689877415
2023-04-13 14:50:00,18.92,0.10576415581358134,3.5506688456909963
2023-04-13 14:55:00,18.95,0.15843679047029546,3.7091056361612917
2023-04-13 15:00:00,18.95,0.0,3.7091056361612917
2023-04-13 15:05:00,18.91,-0.21130488580691775,3.497800750354374
2023-04-13 15:10:00,18.88,-0.15877219530118225,3.3390285550531917
2023-04-13 15:15:00,18.87,-0.052980133689572995,3.2860484213636187
2023-04-13 15:20:00,18.87,0.0,3.2860484213636187
2023-04-13 15:25:00,18.91,0.21175232899075525,3.497800750354374
2023-04-13 15:30:00,18.92,0.05286809533662229,3.5506688456909963
2023-04-13 15:35:00,18.88,-0.21164029063780454,3.3390285550531917
2023-04-13 15:40:00,18.9,0.1058761348242232,3.444904689877415
2023-04-13 15:45:00,18.93,0.15860431556347088,3.603509005440886
2023-04-13 15:50:00,18.9,-0.15860431556347088,3.444904689877415
2023-04-13 15:55:00,18.88,-0.1058761348242232,3.3390285550531917
2023-04-13 16:00:00,18.89,0.05295207960638315,3.391980634659575
2023-04-13 16:05:00,18.86,-0.15894043081070564,3.2330402038488693
2023-04-13 16:10:00,18.85,-0.05303633112911932,3.18000387271975
2023-04-13 16:15:00,18.83,-0.10615712249588682,3.073846750223863
2023-04-13 16:20:00,18.83,0.0,3.073846750223863
2023-04-13 16:25:00,18.81,-0.1062699356122021,2.967576814611661
2023-04-13 16:30:00,18.86,0.26546338923720825,3.2330402038488693
2023-04-13 16:35:00,18.85,-0.05303633112911932,3.18000387271975
2023-04-13 16:40:00,18.85,0.0,3.18000387271975
2023-04-13 16:45:00,18.81,-0.21242705810808893,2.967576814611661
2023-04-13 16:50:00,18.81,0.0,2.967576814611661
2023-04-13 16:55:00,18.85,0.21242705810808893,3.18000387271975
2023-04-13 17:00:00,18.86,0.05303633112911932,3.2330402038488693
2023-04-13 17:05:00,18.86,0.0,3.2330402038488693
2023-04-13 17:10:00,18.91,0.26476054650550473,3.497800750354374
2023-04-13 17:15:00,18.93,0.10570825508651183,3.603509005440886
2023-04-13 17:20:00,18.94,0.05281225367008702,3.656321259110973
2023-04-13 17:25:00,18.95,0.05278437705031891,3.7091056361612917
2023-04-13 17:30:00,18.95,0.0,3.7091056361612917
2023-04-13 17:35:00,18.93,-0.10559663072040593,3.603509005440886
2023-04-13 17:40:00,18.95,0.10559663072040593,3.7091056361612917
2023-04-13 17:45:00,18.98,0.15818616533462837,3.86729180149592
2023-04-13 17:50:00,18.99,0.05267316424126811,3.9199649657371882
2023-04-13 17:55:00,18.94,-0.2636437066262154,3.656321259110973
2023-04-13 18:00:00,18.92,-0.10565241341997655,3.5506688456909963
2023-04-13 18:05:00,18.92,0.0,3.5506688456909963
2023-04-13 18:10:00,18.91,-0.05286809533662229,3.497800750354374
2023-04-13 18:15:00,18.9,-0.05289606047695905,3.444904689877415
2023-04-13 18:20:00,18.9,0.0,3.444904689877415
2023-04-13 18:25:00,18.87,-0.1588562685137962,3.2860484213636187
2023-04-13 18:30:00,18.87,0.0,3.2860484213636187
2023-04-13 18:35:00,18.9,0.1588562685137962,3.444904689877415
2023-04-13 18:40:00,18.92,0.10576415581358134,3.5506688456909963
2023-04-13 18:45:00,18.94,0.10565241341997655,3.656321259110973
2023-04-13 18:50:00,18.96,0.10554090689436357,3.7618621660053364
2023-04-13 18:55:00,18.99,0.15810279973185182,3.9199649657371882
2023-04-13 19:00:00,18.96,-0.15810279973185182,3.7618621660053364
2023-04-13 19:05:00,18.91,-0.2640614156509624,3.497800750354374
2023-04-13 19:10:00,18.96,0.2640614156509624,3.7618621660053364
2023-04-13 19:15:00,18.99,0.15810279973185182,3.9199649657371882
2023-04-13 19:20:00,18.98,-0.05267316424126811,3.86729180149592
2023-04-13 19:25:00,18.94,-0.21097054238494728,3.656321259110973
2023-04-13 19:30:00,18.93,-0.05281225367008702,3.603509005440886
2023-04-13 19:35:00,18.92,-0.05284015974988954,3.5506688456909963
2023-04-13 19:40:00,18.92,0.0,3.5506688456909963
2023-04-13 19:45:00,18.96,0.21119332031434013,3.7618621660053364
2023-04-13 19:50:00,18.93,-0.1583531605644506,3.603509005440886
2023-04-13 19:55:00,18.91,-0.10570825508651183,3.497800750354374
2023-04-13 20:00:00,18.91,0.0,3.497800750354374
2023-04-13 20:05:00,18.88,-0.15877219530118225,3.3390285550531917
2023-04-13 20:10:00,18.83,-0.2651818048293286,3.073846750223863
2023-04-13 20:15:00,18.81,-0.1062699356122021,2.967576814611661
2023-04-13 20:20:00,18.84,0.15936258352780008,3.126939398139461
2023-04-13 20:25:00,18.83,-0.05309264791559798,3.073846750223863
2023-04-13 20:30:00,18.81,-0.1062699356122021,2.967576814611661
2023-04-13 20:35:00,18.84,0.15936258352780008,3.126939398139461
2023-04-13 20:40:00,18.83,-0.05309264791559798,3.073846750223863
2023-04-13 20:45:00,18.8,-0.15944728331573899,2.914399466908124
2023-04-13 20:50:00,18.8,0.0,2.914399466908124
2023-04-13 20:55:00,18.81,0.05317734770353688,2.967576814611661
2023-04-13 21:00:00,18.81,0.0,2.967576814611661
2023-04-13 21:05:00,18.83,0.1062699356122021,3.073846750223863
2023-04-13 21:10:00,18.84,0.05309264791559798,3.126939398139461
2023-04-13 21:15:00,18.83,-0.05309264791559798,3.073846750223863
2023-04-13 21:20:00,18.83,0.0,3.073846750223863
2023-04-13 21:25:00,18.8,-0.15944728331573899,2.914399466908124
2023-04-13 21:30:00,18.81,0.05317734770353688,2.967576814611661
2023-04-13 21:35:00,18.87,0.31847160675195774,3.2860484213636187
2023-04-13 21:40:00,18.86,-0.05300821751474949,3.2330402038488693
2023-04-13 21:45:00,18.87,0.05300821751474949,3.2860484213636187
2023-04-13 21:50:00,18.87,0.0,3.2860484213636187
2023-04-13 21:55:00,18.86,-0.05300821751474949,3.2330402038488693
2023-04-13 22:00:00,18.84,-0.10610080570940816,3.126939398139461
2023-04-13 22:05:00,18.87,0.15910902322415765,3.2860484213636187
2023-04-13 22:10:00,18.86,-0.05300821751474949,3.2330402038488693
2023-04-13 22:15:00,18.87,0.05300821751474949,3.2860484213636187
2023-04-13 22:20:00,18.84,-0.15910902322415765,3.126939398139461
2023-04-13 22:25:00,18.85,0.053064474580288845,3.18000387271975
2023-04-13 22:30:00,18.86,0.05303633112911932,3.2330402038488693
2023-04-13 22:35:00,18.88,0.10598835120432248,3.3390285550531917
2023-04-13 22:40:00,18.89,0.05295207960638315,3.391980634659575
2023-04-13 22:45:00,18.9,0.05292405521784005,3.444904689877415
2023-04-13 22:50:00,18.81,-0.47732787526575393,2.967576814611661
2023-04-13 22:55:00,18.8,-0.05317734770353688,2.914399466908124
2023-04-13 23:00:00,18.81,0.05317734770353688,2.967576814611661
2023-04-13 23:05:00,18.81,0.0,2.967576814611661
2023-04-13 23:10:00,18.78,-0.1596169532822156,2.8079598613294454
2023-04-13 23:15:00,18.79,0.05323396452570073,2.861193825855146
2023-04-13 23:20:00,18.79,0.0,2.861193825855146
2023-04-13 23:25:00,18.78,-0.05323396452570073,2.8079598613294454
2023-04-13 23:30:00,18.79,0.05323396452570073,2.861193825855146
2023-04-13 23:35:00,18.79,0.0,2.861193825855146
2023-04-13 23:40:00,18.8,0.05320564105297798,2.914399466908124
2023-04-13 23:45:00,18.81,0.05317734770353688,2.967576814611661
2023-04-13 23:50:00,18.84,0.15936258352780008,3.126939398139461
2023-04-13 23:55:00,18.83,-0.05309264791559798,3.073846750223863
2023-04-14 00:05:00,18.83,0.0,3.073846750223863
2023-04-14 00:10:00,18.83,0.0,3.073846750223863
2023-04-14 00:15:00,18.87,0.21220167113975563,3.2860484213636187
2023-04-14 00:20:00,18.87,0.0,3.2860484213636187
2023-04-14 00:25:00,18.9,0.1588562685137962,3.444904689877415
2023-04-14 00:30:00,18.9,0.0,3.444904689877415
2023-04-14 00:35:00,18.92,0.10576415581358134,3.5506688456909963
2023-04-14 00:40:00,19.17,1.3126993433820733,4.86336818907307
2023-04-14 00:45:00,19.15,-0.10438414308984179,4.758984045983228
2023-04-14 00:50:00,19.17,0.10438414308984179,4.86336818907307
2023-04-14 00:55:00,19.15,-0.10438414308984179,4.758984045983228
2023-04-14 01:00:00,19.13,-0.10449321744934181,4.654490828533886
2023-04-14 01:05:00,19.2,0.3652495581574655,5.0197403866913515
2023-04-14 01:10:00,19.19,-0.05209690141274592,4.9676434852786056
2023-04-14 01:15:00,19.16,-0.15645374768942233,4.811189737589183
2023-04-14 01:20:00,19.15,-0.05220569160595545,4.758984045983228
2023-04-14 01:25:00,19.11,-0.2090957374472957,4.549888308535932
2023-04-14 01:30:00,19.17,0.3134798805371375,4.86336818907307
2023-04-14 01:35:00,19.23,0.31250025431353023,5.1758684433866
2023-04-14 01:40:00,19.19,-0.20822495810799424,4.9676434852786056
2023-04-14 01:45:00,19.27,0.41601724066664403,5.38366072594525
2023-04-14 01:50:00,19.28,0.051880675612459015,5.435541401557709
2023-04-14 01:55:00,19.23,-0.2596729581711088,5.1758684433866
2023-04-14 02:00:00,19.16,-0.36467870579741657,4.811189737589183
2023-04-14 02:05:00,19.19,0.15645374768942233,4.9676434852786056
2023-04-14 02:10:00,19.23,0.20822495810799424,5.1758684433866
2023-04-14 02:15:00,19.25,0.10395011331048032,5.27981855669708
2023-04-14 02:20:00,19.22,-0.1559657191646746,5.1238528375324055
2023-04-14 02:25:00,19.18,-0.20833340868544603,4.9155194288469595
2023-04-14 02:30:00,19.19,0.05212405643164608,4.9676434852786056
2023-04-14 02:35:00,19.23,0.20822495810799424,5.1758684433866
2023-04-14 02:40:00,19.21,-0.10405828202233458,5.071810161364265
2023-04-14 02:45:00,19.13,-0.41731933283037925,4.654490828533886
2023-04-14 02:50:00,19.09,-0.20931457145052512,4.445176257083361
2023-04-14 02:55:00,19.04,-0.262260837443673,4.182915419639688
2023-04-14 03:00:00,19.08,0.20986366569211157,4.392779085331799
2023-04-14 03:05:00,19.09,0.052397171751561444,4.445176257083361
2023-04-14 03:10:00,19.12,0.15702698855992736,4.602203245643288
2023-04-14 03:15:00,19.16,0.20898649194589503,4.811189737589183
2023-04-14 03:20:00,19.17,0.052178451483886334,4.86336818907307
2023-04-14 03:25:00,19.19,0.104275296205536,4.9676434852786056
2023-04-14 03:30:00,19.23,0.20822495810799424,5.1758684433866
2023-04-14 03:35:00,19.24,0.05198856368719973,5.2278570070737995
2023-04-14 03:40:00,19.25,0.05196154962328059,5.27981855669708
2023-04-14 03:45:00,19.26,0.05193456361860527,5.331753120315685
2023-04-14 03:50:00,19.24,-0.10389611324188586,5.2278570070737995
2023-04-14 03:55:00,19.2,-0.20811662038244805,5.0197403866913515
2023-04-14 04:00:00,19.2,0.0,5.0197403866913515
2023-04-14 04:05:00,19.2,0.0,5.0197403866913515
2023-04-14 04:10:00,19.19,-0.05209690141274592,4.9676434852786056
2023-04-14 04:15:00,19.22,0.15620935225379995,5.1238528375324055
2023-04-14 04:20:00,19.25,0.1559657191646746,5.27981855669708
2023-04-14 04:25:00,19.22,-0.1559657191646746,5.1238528375324055
2023-04-14 04:30:00,19.22,0.0,5.1238528375324055
2023-04-14 04:35:00,19.26,0.20790028278327988,5.331753120315685
2023-04-14 04:40:00,19.26,0.0,5.331753120315685
2023-04-14 04:45:00,19.26,0.0,5.331753120315685
2023-04-14 04:50:00,19.26,0.0,5.331753120315685
2023-04-14 04:55:00,19.21,-0.25994295895142017,5.071810161364265
2023-04-14 05:00:00,19.22,0.05204267616814029,5.1238528375324055
2023-04-14 05:05:00,19.19,-0.15620935225379995,4.9676434852786056
2023-04-14 05:10:00,19.19,0.0,4.9676434852786056
2023-04-14 05:15:00,19.23,0.20822495810799424,5.1758684433866
2023-04-14 05:20:00,19.19,-0.20822495810799424,4.9676434852786056
2023-04-14 05:25:00,19.2,0.05209690141274592,5.0197403866913515
2023-04-14 05:30:00,19.18,-0.104220957844392,4.9155194288469595
2023-04-14 05:35:00,19.22,0.20833340868544603,5.1238528375324055
2023-04-14 05:40:00,19.2,-0.10411245084105403,5.0197403866913515
2023-04-14 05:45:00,19.23,0.15612805669524832,5.1758684433866
2023-04-14 05:50:00,19.21,-0.10405828202233458,5.071810161364265
2023-04-14 05:55:00,19.22,0.05204267616814029,5.1238528375324055
2023-04-14 06:00:00,19.22,0.0,5.1238528375324055
2023-04-14 06:05:00,19.25,0.1559657191646746,5.27981855669708
2023-04-14 06:10:00,19.28,0.15572284486062848,5.435541401557709
2023-04-14 06:15:00,19.31,0.1554807258023594,5.591022127360068
2023-04-14 06:20:00,19.27,-0.2073614014148184,5.38366072594525
2023-04-14 06:25:00,19.28,0.051880675612459015,5.435541401557709
2023-04-14 06:30:00,19.28,0.0,5.435541401557709
2023-04-14 06:35:00,19.27,-0.051880675612459015,5.38366072594525
2023-04-14 06:40:00,19.26,-0.0519076056295642,5.331753120315685
2023-04-14 06:45:00,19.18,-0.4162336914687259,4.9155194288469595
2023-04-14 06:50:00,19.23,0.2603490145396403,5.1758684433866
2023-04-14 06:55:00,19.23,0.0,5.1758684433866
2023-04-14 07:00:00,19.25,0.10395011331048032,5.27981855669708
2023-04-14 07:05:00,19.21,-0.2080083953328149,5.071810161364265
2023-04-14 07:10:00,19.14,-0.36505907556567685,4.706751085798588
2023-04-14 07:15:00,19.17,0.1566171032744812,4.86336818907307
2023-04-14 07:20:00,19.18,0.05215123977388991,4.9155194288469595
2023-04-14 07:25:00,19.17,-0.05215123977388991,4.86336818907307
2023-04-14 07:30:00,19.17,0.0,4.86336818907307
2023-04-14 07:35:00,19.15,-0.10438414308984179,4.758984045983228
2023-04-14 07:40:00,19.06,-0.47108174005989767,4.28790230592333
2023-04-14 07:45:00,19.08,0.10487677940846929,4.392779085331799
2023-04-14 07:50:00,19.01,-0.36755095198026666,4.025228133351533
2023-04-14 07:55:00,19.02,0.05259006169064939,4.077818195042182
2023-04-14 08:00:00,18.97,-0.2632273170321664,3.8145908780100157
2023-04-14 08:05:00,19.0,0.15801952195175772,3.9726103999617735
2023-04-14 08:10:00,18.99,-0.05264543422458523,3.9199649657371882
2023-04-14 08:15:00,19.0,0.05264543422458523,3.9726103999617735
2023-04-14 08:20:00,19.01,0.05261773338975928,4.025228133351533
2023-04-14 08:25:00,19.01,0.0,4.025228133351533
2023-04-14 08:30:00,18.97,-0.210637255341517,3.8145908780100157
2023-04-14 08:35:00,19.01,0.210637255341517,4.025228133351533
2023-04-14 08:40:00,19.06,0.26267417257179737,4.28790230592333
2023-04-14 08:45:00,19.09,0.15727395116003073,4.445176257083361
2023-04-14 08:50:00,19.06,-0.15727395116003073,4.28790230592333
2023-04-14 08:55:00,19.1,0.20964368265286026,4.49754598857619
2023-04-14 09:00:00,19.08,-0.10476690324439097,4.392779085331799
2023-04-14 09:05:00,19.1,0.10476690324439097,4.49754598857619
2023-04-14 09:10:00,19.07,-0.15719154402566993,4.34035444455052
2023-04-14 09:15:00,19.06,-0.05245213862719034,4.28790230592333
2023-04-14 09:20:00,19.05,-0.052479665334592696,4.235422640588737
2023-04-14 09:25:00,19.08,0.15735644474306199,4.392779085331799
2023-04-14 09:30:00,19.08,0.0,4.392779085331799
2023-04-14 09:35:00,19.08,0.0,4.392779085331799
2023-04-14 09:40:00,19.08,0.0,4.392779085331799
2023-04-14 09:45:00,19.09,0.052397171751561444,4.445176257083361
2023-04-14 09:50:00,19.09,0.0,4.445176257083361
2023-04-14 09:55:00,19.09,0.0,4.445176257083361
2023-04-14 10:00:00,19.1,0.05236973149282953,4.49754598857619
2023-04-14 10:05:00,19.1,0.0,4.49754598857619
2023-04-14 10:10:00,19.12,0.10465725706709783,4.602203245643288
2023-04-14 10:15:00,19.14,0.10454784015530016,4.706751085798588
2023-04-14 10:20:00,19.15,0.05223296018463941,4.758984045983228
2023-04-14 10:25:00,19.15,0.0,4.758984045983228
2023-04-14 10:30:00,19.14,-0.05223296018463941,4.706751085798588
2023-04-14 10:35:00,19.12,-0.10454784015530016,4.602203245643288
2023-04-14 10:40:00,19.12,0.0,4.602203245643288
2023-04-14 10:45:00,19.14,0.10454784015530016,4.706751085798588
2023-04-14 10:50:00,19.13,-0.0522602572647024,4.654490828533886
2023-04-14 10:55:00,19.11,-0.10460251999795389,4.549888308535932
2023-04-14 11:00:00,19.13,0.10460251999795389,4.654490828533886
2023-04-14 11:05:00,19.11,-0.10460251999795389,4.549888308535932
2023-04-14 11:10:00,19.14,0.1568627772626563,4.706751085798588
2023-04-14 11:15:00,19.14,0.0,4.706751085798588
2023-04-14 11:20:00,19.09,-0.2615748287152275,4.445176257083361
2023-04-14 11:25:00,19.09,0.0,4.445176257083361
2023-04-14 11:30:00,19.11,0.10471205145257123,4.549888308535932
2023-04-14 11:35:00,19.1,-0.0523423199597417,4.49754598857619
2023-04-14 11:40:00,19.1,0.0,4.49754598857619
2023-04-14 11:45:00,19.09,-0.05236973149282953,4.445176257083361
2023-04-14 11:50:00,19.13,0.20931457145052512,4.654490828533886
2023-04-14 11:55:00,19.14,0.0522602572647024,4.706751085798588
2023-04-14 12:00:00,19.13,-0.0522602572647024,4.654490828533886
2023-04-14 12:05:00,19.1,-0.1569448399576956,4.49754598857619
2023-04-14 12:10:00,19.11,0.0523423199597417,4.549888308535932
2023-04-14 12:15:00,19.1,-0.0523423199597417,4.49754598857619
2023-04-14 12:20:00,19.1,0.0,4.49754598857619
2023-04-14 12:25:00,19.06,-0.20964368265286026,4.28790230592333
2023-04-14 12:30:00,19.12,0.3143009397199581,4.602203245643288
2023-04-14 12:35:00,19.06,-0.3143009397199581,4.28790230592333
2023-04-14 12:40:00,19.08,0.10487677940846929,4.392779085331799
2023-04-14 12:45:00,19.05,-0.15735644474306199,4.235422640588737
2023-04-14 12:50:00,18.94,-0.5791013814777646,3.656321259110973
2023-04-14 12:55:00,18.9,-0.2114165692335579,3.444904689877415
2023-04-14 13:00:00,18.83,-0.3710579396535518,3.073846750223863
2023-04-14 13:05:00,18.92,0.47682209546713317,3.5506688456909963
2023-04-14 13:10:00,18.95,0.15843679047029546,3.7091056361612917
2023-04-14 13:15:00,18.93,-0.10559663072040593,3.603509005440886
2023-04-14 13:20:00,18.93,0.0,3.603509005440886
2023-04-14 13:25:00,18.94,0.05281225367008702,3.656321259110973
2023-04-14 13:30:00,18.93,-0.05281225367008702,3.603509005440886
2023-04-14 13:35:00,18.88,-0.2644804503876941,3.3390285550531917
2023-04-14 13:40:00,18.95,0.3700770811081,3.7091056361612917
2023-04-14 13:45:00,19.0,0.2635047638004817,3.9726103999617735
2023-04-14 13:50:00,19.0,0.0,3.9726103999617735
2023-04-14 13:55:00,19.0,0.0,3.9726103999617735
2023-04-14 14:00:00,18.99,-0.05264543422458523,3.9199649657371882
2023-04-14 14:05:00,19.01,0.10526316761434451,4.025228133351533
2023-04-14 14:10:00,18.92,-0.47455928766053646,3.5506688456909963
2023-04-14 14:15:00,18.92,0.0,3.5506688456909963
2023-04-14 14:20:00,18.89,-0.1586882110314214,3.391980634659575
2023-04-14 14:25:00,18.86,-0.15894043081070564,3.2330402038488693
2023-04-14 14:30:00,18.86,0.0,3.2330402038488693
2023-04-14 14:35:00,18.88,0.10598835120432248,3.3390285550531917
2023-04-14 14:40:00,18.89,0.05295207960638315,3.391980634659575
2023-04-14 14:45:00,18.84,-0.2650412365201138,3.126939398139461
2023-04-14 14:50:00,18.83,-0.05309264791559798,3.073846750223863
2023-04-14 14:55:00,18.79,-0.21265292436871697,2.861193825855146
2023-04-14 15:00:00,18.84,0.26574557228431495,3.126939398139461
2023-04-14 15:05:00,18.64,-1.0672459890772146,2.0596934090622465
2023-04-14 15:10:00,18.68,0.21436235432514827,2.274055763387395
2023-04-14 15:15:00,18.68,0.0,2.274055763387395
2023-04-14 15:20:00,18.73,0.2673083655300612,2.541364128917456
2023-04-14 15:25:00,18.73,0.0,2.541364128917456
2023-04-14 15:30:00,18.64,-0.4816707198552095,2.0596934090622465
2023-04-14 15:35:00,18.56,-0.4301081899390713,1.6295852191231752
2023-04-14 15:40:00,18.6,0.21528533611014922,1.8448705552333244
2023-04-14 15:45:00,18.57,-0.1614205354541376,1.6834500197791868
2023-04-14 15:50:00,18.61,0.21516952895450636,1.8986195487336932
2023-04-14 15:55:00,18.58,-0.1613337268467241,1.7372858218869691
2023-04-14 16:00:00,18.55,-0.16159443322480982,1.5756913886621593
2023-04-14 16:05:00,18.56,0.053893830461015924,1.6295852191231752
2023-04-14 16:10:00,18.56,0.0,1.6295852191231752
2023-04-14 16:15:00,18.62,0.32275444908669293,1.9523396682098682
2023-04-14 16:20:00,18.59,-0.16124701155684207,1.791092656653026
2023-04-14 16:25:00,18.53,-0.323276143608453,1.467816513044573
2023-04-14 16:30:00,18.55,0.10787487561758624,1.5756913886621593
2023-04-14 16:35:00,18.54,-0.05392289157351016,1.5217684970886491
2023-04-14 16:40:00,18.5,-0.21598280534300685,1.3057856917456423
2023-04-14 16:45:00,18.55,0.269905696916517,1.5756913886621593
2023-04-14 16:50:00,18.49,-0.32397436544107094,1.2517170232210884
2023-04-14 16:55:00,18.55,0.32397436544107094,1.5756913886621593
2023-04-14 17:00:00,18.58,0.16159443322480982,1.7372858218869691
2023-04-14 17:05:00,18.61,0.1613337268467241,1.8986195487336932
2023-04-14 17:10:00,18.63,0.10741139593375415,2.0060309446674474
2023-04-14 17:15:00,18.66,0.16090108057009722,2.1669320252375446
2023-04-14 17:20:00,18.7,0.214132844134296,2.3810648693718406
2023-04-14 17:25:00,18.71,0.05346164254573793,2.4345265119175785
2023-04-14 17:30:00,18.72,0.053433076344777675,2.487959588262356
2023-04-14 17:35:00,18.68,-0.2139038248749614,2.274055763387395
2023-04-14 17:40:00,18.69,0.05351886667752659,2.3275746300649214
2023-04-14 17:45:00,18.7,0.05349023930691921,2.3810648693718406
2023-04-14 17:50:00,18.71,0.05346164254573793,2.4345265119175785
2023-04-14 17:55:00,18.73,0.10683761699987748,2.541364128917456
2023-04-14 18:00:00,18.74,0.05337603542789893,2.594740164345355
2023-04-14 18:05:00,18.73,-0.05337603542789893,2.541364128917456
2023-04-14 18:10:00,18.77,0.2133334142420562,2.754697543159512
2023-04-14 18:15:00,18.81,0.2128792714521488,2.967576814611661
2023-04-14 18:20:00,18.78,-0.1596169532822156,2.8079598613294454
2023-04-14 18:25:00,18.82,0.2127660377116758,3.020725899041121
2023-04-14 18:30:00,18.83,0.0531208511827419,3.073846750223863
2023-04-14 18:35:00,18.81,-0.1062699356122021,2.967576814611661
2023-04-14 18:40:00,18.8,-0.05317734770353688,2.914399466908124
2023-04-14 18:45:00,18.82,0.10632643213299708,3.020725899041121
2023-04-14 18:50:00,18.83,0.0531208511827419,3.073846750223863
2023-04-14 18:55:00,18.81,-0.1062699356122021,2.967576814611661
2023-04-14 19:00:00,18.81,0.0,2.967576814611661
2023-04-14 19:05:00,18.79,-0.10638298875651486,2.861193825855146
2023-04-14 19:10:00,18.78,-0.05323396452570073,2.8079598613294454
2023-04-14 19:15:00,18.73,-0.2665957324119894,2.541364128917456
2023-04-14 19:20:00,18.77,0.2133334142420562,2.754697543159512
2023-04-14 19:25:00,18.82,0.266028355881609,3.020725899041121
2023-04-14 19:30:00,18.82,0.0,3.020725899041121
2023-04-14 19:35:00,18.88,0.31830265601207053,3.3390285550531917
2023-04-14 19:40:00,18.89,0.05295207960638315,3.391980634659575
2023-04-14 19:45:00,18.92,0.1586882110314214,3.5506688456909963
2023-04-14 19:50:00,18.89,-0.1586882110314214,3.391980634659575
2023-04-14 19:55:00,18.91,0.1058201156947991,3.497800750354374
2023-04-14 20:00:00,18.93,0.10570825508651183,3.603509005440886
2023-04-14 20:05:00,18.93,0.0,3.603509005440886
2023-04-14 20:10:00,18.91,-0.10570825508651183,3.497800750354374
2023-04-14 20:15:00,18.92,0.05286809533662229,3.5506688456909963
2023-04-14 20:20:00,18.91,-0.05286809533662229,3.497800750354374
2023-04-14 20:25:00,18.91,0.0,3.497800750354374
2023-04-14 20:30:00,18.98,0.3694910511415461,3.86729180149592
2023-04-14 20:35:00,19.0,0.10531859846585334,3.9726103999617735
2023-04-14 20:40:00,18.99,-0.05264543422458523,3.9199649657371882
2023-04-14 20:45:00,19.0,0.05264543422458523,3.9726103999617735
2023-04-14 20:50:00,18.96,-0.21074823395643705,3.7618621660053364
2023-04-14 20:55:00,18.96,0.0,3.7618621660053364
2023-04-14 21:00:00,18.97,0.05272871200467932,3.8145908780100157
2023-04-14 21:05:00,18.96,-0.05272871200467932,3.7618621660053364
2023-04-14 21:10:00,18.98,0.1054296354905837,3.86729180149592
2023-04-14 21:15:00,18.97,-0.05270092348590438,3.8145908780100157
2023-04-14 21:20:00,18.97,0.0,3.8145908780100157
2023-04-14 21:25:00,18.97,0.0,3.8145908780100157
2023-04-14 21:30:00,18.96,-0.05272871200467932,3.7618621660053364
2023-04-14 21:35:00,18.97,0.05272871200467932,3.8145908780100157
2023-04-14 21:40:00,18.99,0.1053740877271725,3.9199649657371882
2023-04-14 21:45:00,18.96,-0.15810279973185182,3.7618621660053364
2023-04-14 21:50:00,18.98,0.1054296354905837,3.86729180149592
2023-04-14 21:55:00,18.92,-0.31662295580492383,3.5506688456909963
2023-04-14 22:00:00,18.99,0.36929612004619194,3.9199649657371882
2023-04-14 22:05:00,18.96,-0.15810279973185182,3.7618621660053364
2023-04-14 22:10:00,18.99,0.15810279973185182,3.9199649657371882
2023-04-14 22:15:00,18.96,-0.15810279973185182,3.7618621660053364
2023-04-14 22:20:00,18.95,-0.052756529844044664,3.7091056361612917
2023-04-14 22:25:00,18.96,0.052756529844044664,3.7618621660053364
2023-04-14 22:30:00,18.97,0.05272871200467932,3.8145908780100157
2023-04-14 22:35:00,18.98,0.05270092348590438,3.86729180149592
2023-04-14 22:40:00,18.99,0.05267316424126811,3.9199649657371882
2023-04-14 22:45:00,19.02,0.1578532293049939,4.077818195042182
2023-04-14 22:50:00,19.03,0.05256241908138115,4.130380614123563
2023-04-14 22:55:00,19.05,0.10504202646517413,4.235422640588737
2023-04-14 23:00:00,19.04,-0.05250722094904958,4.182915419639688
2023-04-14 23:05:00,19.05,0.05250722094904958,4.235422640588737
2023-04-14 23:10:00,19.1,0.26212334798745296,4.49754598857619
2023-04-14 23:15:00,19.11,0.0523423199597417,4.549888308535932
2023-04-14 23:20:00,19.1,-0.0523423199597417,4.49754598857619
2023-04-14 23:25:00,19.2,0.5221943981151611,5.0197403866913515
2023-04-14 23:30:00,19.2,0.0,5.0197403866913515
2023-04-14 23:35:00,19.21,0.05206977467291374,5.071810161364265
2023-04-14 23:40:00,19.24,0.1560468457095343,5.2278570070737995
2023-04-14 23:45:00,19.22,-0.10400416954139402,5.1238528375324055
2023-04-14 23:50:00,19.25,0.1559657191646746,5.27981855669708
2023-04-14 23:55:00,19.22,-0.1559657191646746,5.1238528375324055
2023-04-15 00:05:00,19.15,-0.36486879154917773,4.758984045983228
2023-04-15 00:10:00,19.12,-0.15678080033993957,4.602203245643288
2023-04-15 00:15:00,19.13,0.05228758289059776,4.654490828533886
2023-04-15 00:20:00,19.15,0.10449321744934181,4.758984045983228
2023-04-15 00:25:00,19.18,0.1565353828637317,4.9155194288469595
2023-04-15 00:30:00,19.22,0.20833340868544603,5.1238528375324055
2023-04-15 00:35:00,19.22,0.0,5.1238528375324055
2023-04-15 00:40:00,19.13,-0.46936200899851954,4.654490828533886
2023-04-15 00:45:00,19.11,-0.10460251999795389,4.549888308535932
2023-04-15 00:50:00,19.2,0.4698520781554194,5.0197403866913515
2023-04-15 00:55:00,19.23,0.15612805669524832,5.1758684433866
2023-04-15 01:00:00,19.15,-0.416884397403372,4.758984045983228
2023-04-15 01:05:00,19.12,-0.15678080033993957,4.602203245643288
2023-04-15 01:10:00,19.1,-0.10465725706709783,4.49754598857619
2023-04-15 01:15:00,19.14,0.209205097222398,4.706751085798588
2023-04-15 01:20:00,19.17,0.1566171032744812,4.86336818907307
2023-04-15 01:25:00,19.08,-0.47058910374127016,4.392779085331799
2023-04-15 01:30:00,19.08,0.0,4.392779085331799
2023-04-15 01:35:00,19.09,0.052397171751561444,4.445176257083361
2023-04-15 01:40:00,19.13,0.20931457145052512,4.654490828533886
2023-04-15 01:45:00,19.12,-0.05228758289059776,4.602203245643288
2023-04-15 01:50:00,19.18,0.3133161832036713,4.9155194288469595
2023-04-15 01:55:00,19.15,-0.1565353828637317,4.758984045983228
2023-04-15 02:00:00,19.13,-0.10449321744934181,4.654490828533886
2023-04-15 02:05:00,19.17,0.2088773605391836,4.86336818907307
2023-04-15 02:10:00,19.15,-0.10438414308984179,4.758984045983228
2023-04-15 02:15:00,19.16,0.05220569160595545,4.811189737589183
2023-04-15 02:20:00,19.13,-0.15669890905529726,4.654490828533886
2023-04-15 02:25:00,19.11,-0.10460251999795389,4.549888308535932
2023-04-15 02:30:00,19.15,0.2090957374472957,4.758984045983228
2023-04-15 02:35:00,19.14,-0.05223296018463941,4.706751085798588
2023-04-15 02:40:00,19.12,-0.10454784015530016,4.602203245643288
2023-04-15 02:45:00,19.14,0.10454784015530016,4.706751085798588
2023-04-15 02:50:00,19.12,-0.10454784015530016,4.602203245643288
2023-04-15 02:55:00,19.12,0.0,4.602203245643288
2023-04-15 03:00:00,19.14,0.10454784015530016,4.706751085798588
2023-04-15 03:05:00,19.16,0.10443865179059486,4.811189737589183
2023-04-15 03:10:00,19.17,0.052178451483886334,4.86336818907307
2023-04-15 03:15:00,19.19,0.104275296205536,4.9676434852786056
2023-04-15 03:20:00,19.2,0.05209690141274592,5.0197403866913515
2023-04-15 03:25:00,19.21,0.05206977467291374,5.071810161364265
2023-04-15 03:30:00,19.2,-0.05206977467291374,5.0197403866913515
2023-04-15 03:35:00,19.18,-0.104220957844392,4.9155194288469595
2023-04-15 03:40:00,19.2,0.104220957844392,5.0197403866913515
2023-04-15 03:45:00,19.21,0.05206977467291374,5.071810161364265
2023-04-15 03:50:00,19.21,0.0,5.071810161364265
2023-04-15 03:55:00,19.2,-0.05206977467291374,5.0197403866913515
2023-04-15 04:00:00,19.21,0.05206977467291374,5.071810161364265
2023-04-15 04:05:00,19.18,-0.15629073251730574,4.9155194288469595
2023-04-15 04:10:00,19.13,-0.2610286003130735,4.654490828533886
2023-04-15 04:15:00,19.16,0.15669890905529726,4.811189737589183
2023-04-15 04:20:00,19.15,-0.05220569160595545,4.758984045983228
2023-04-15 04:25:00,19.12,-0.15678080033993957,4.602203245643288
2023-04-15 04:30:00,19.12,0.0,4.602203245643288
2023-04-15 04:35:00,19.13,0.05228758289059776,4.654490828533886
2023-04-15 04:40:00,19.13,0.0,4.654490828533886
2023-04-15 04:45:00,19.14,0.0522602572647024,4.706751085798588
2023-04-15 04:50:00,19.14,0.0,4.706751085798588
2023-04-15 04:55:00,19.17,0.1566171032744812,4.86336818907307
2023-04-15 05:00:00,19.14,-0.1566171032744812,4.706751085798588
2023-04-15 05:05:00,19.16,0.10443865179059486,4.811189737589183
2023-04-15 05:10:00,19.17,0.052178451483886334,4.86336818907307
2023-04-15 05:15:00,19.17,0.0,4.86336818907307
2023-04-15 05:20:00,19.15,-0.10438414308984179,4.758984045983228
2023-04-15 05:25:00,19.14,-0.05223296018463941,4.706751085798588
2023-04-15 05:30:00,19.13,-0.0522602572647024,4.654490828533886
2023-04-15 05:35:00,19.12,-0.05228758289059776,4.602203245643288
2023-04-15 05:40:00,19.12,0.0,4.602203245643288
2023-04-15 05:45:00,19.11,-0.05231493710735613,4.549888308535932
2023-04-15 05:50:00,19.13,0.10460251999795389,4.654490828533886
2023-04-15 05:55:00,19.1,-0.1569448399576956,4.49754598857619
2023-04-15 06:00:00,19.12,0.10465725706709783,4.602203245643288
2023-04-15 06:05:00,19.11,-0.05231493710735613,4.549888308535932
2023-04-15 06:10:00,19.11,0.0,4.549888308535932
2023-04-15 06:15:00,19.09,-0.10471205145257123,4.445176257083361
2023-04-15 06:20:00,19.07,-0.1048218125328404,4.34035444455052
2023-04-15 06:25:00,19.08,0.05242464078127895,4.392779085331799
2023-04-15 06:30:00,19.08,0.0,4.392779085331799
2023-04-15 06:35:00,19.05,-0.15735644474306199,4.235422640588737
2023-04-15 06:40:00,19.04,-0.05250722094904958,4.182915419639688
2023-04-15 06:45:00,19.03,-0.05253480551612455,4.130380614123563
2023-04-15 06:50:00,19.03,0.0,4.130380614123563
2023-04-15 06:55:00,19.01,-0.10515248077203054,4.025228133351533
2023-04-15 07:00:00,19.03,0.10515248077203054,4.130380614123563
2023-04-15 07:05:00,19.05,0.10504202646517413,4.235422640588737
2023-04-15 07:10:00,19.05,0.0,4.235422640588737
2023-04-15 07:15:00,19.05,0.0,4.235422640588737
2023-04-15 07:20:00,19.06,0.052479665334592696,4.28790230592333
2023-04-15 07:25:00,19.08,0.10487677940846929,4.392779085331799
2023-04-15 07:30:00,19.09,0.052397171751561444,4.445176257083361
2023-04-15 07:35:00,19.08,-0.052397171751561444,4.392779085331799
2023-04-15 07:40:00,19.08,0.0,4.392779085331799
2023-04-15 07:45:00,19.09,0.052397171751561444,4.445176257083361
2023-04-15 07:50:00,19.1,0.05236973149282953,4.49754598857619
2023-04-15 07:55:00,19.13,0.1569448399576956,4.654490828533886
2023-04-15 08:00:00,19.15,0.10449321744934181,4.758984045983228
2023-04-15 08:05:00,19.17,0.10438414308984179,4.86336818907307
2023-04-15 08:10:00,19.13,-0.2088773605391836,4.654490828533886
2023-04-15 08:15:00,19.12,-0.05228758289059776,4.602203245643288
2023-04-15 08:20:00,19.11,-0.05231493710735613,4.549888308535932
2023-04-15 08:25:00,19.11,0.0,4.549888308535932
2023-04-15 08:30:00,19.11,0.0,4.549888308535932
2023-04-15 08:35:00,19.15,0.2090957374472957,4.758984045983228
2023-04-15 08:40:00,19.14,-0.05223296018463941,4.706751085798588
2023-04-15 08:45:00,19.14,0.0,4.706751085798588
2023-04-15 08:50:00,19.13,-0.0522602572647024,4.654490828533886
2023-04-15 08:55:00,19.13,0.0,4.654490828533886
2023-04-15 09:00:00,19.15,0.10449321744934181,4.758984045983228
2023-04-15 09:05:00,19.2,0.2607563407081237,5.0197403866913515
2023-04-15 09:10:00,19.23,0.15612805669524832,5.1758684433866
2023-04-15 09:15:00,19.21,-0.10405828202233458,5.071810161364265
2023-04-15 09:20:00,19.24,0.1560468457095343,5.2278570070737995
2023-04-15 09:25:00,19.25,0.05196154962328059,5.27981855669708
2023-04-15 09:30:00,19.25,0.0,5.27981855669708
2023-04-15 09:35:00,19.26,0.05193456361860527,5.331753120315685
2023-04-15 09:40:00,19.28,0.10378828124202322,5.435541401557709
2023-04-15 09:45:00,19.28,0.0,5.435541401557709
2023-04-15 09:50:00,19.24,-0.20768439448390907,5.2278570070737995
2023-04-15 09:55:00,19.27,0.15580371887145006,5.38366072594525
2023-04-15 10:00:00,19.29,0.10373444913627239,5.487395175081522
2023-04-15 10:05:00,19.25,-0.20757661838444186,5.27981855669708
2023-04-15 10:10:00,19.26,0.05193456361860527,5.331753120315685
2023-04-15 10:15:00,19.28,0.10378828124202322,5.435541401557709
2023-04-15 10:20:00,19.27,-0.051880675612459015,5.38366072594525
2023-04-15 10:25:00,19.26,-0.0519076056295642,5.331753120315685
2023-04-15 10:30:00,19.25,-0.05193456361860527,5.27981855669708
2023-04-15 10:35:00,19.25,0.0,5.27981855669708
2023-04-15 10:40:00,19.24,-0.05196154962328059,5.2278570070737995
2023-04-15 10:45:00,19.21,-0.1560468457095343,5.071810161364265
2023-04-15 10:50:00,19.24,0.1560468457095343,5.2278570070737995
2023-04-15 10:55:00,19.26,0.10389611324188586,5.331753120315685
2023-04-15 11:00:00,19.31,0.2592690070443826,5.591022127360068
2023-04-15 11:05:00,19.38,0.3618510022196819,5.95287312957975
2023-04-15 11:10:00,19.36,-0.1032524614188901,5.84962066816086
2023-04-15 11:15:00,19.38,0.1032524614188901,5.95287312957975
2023-04-15 11:20:00,19.37,-0.0516129043715452,5.901260225208205
2023-04-15 11:25:00,19.41,0.2062919762014115,6.107552201409616
2023-04-15 11:30:00,19.37,-0.2062919762014115,5.901260225208205
2023-04-15 11:35:00,19.39,0.10319918356560542,6.00445940877381
2023-04-15 11:40:00,19.44,0.2575329777732449,6.261992386547055
2023-04-15 11:45:00,19.45,0.051427103216239445,6.3134194897632945
2023-04-15 11:50:00,19.37,-0.4121592645550898,5.901260225208205
2023-04-15 11:55:00,19.4,0.15475886503777403,6.056019090245979
2023-04-15 12:00:00,19.45,0.25740039951731575,6.3134194897632945
2023-04-15 12:05:00,19.4,-0.25740039951731575,6.056019090245979
2023-04-15 12:10:00,19.43,0.1545197320066194,6.210538822252598
2023-04-15 12:15:00,19.51,0.41088912456714866,6.621427946819747
2023-04-15 12:20:00,19.45,-0.3080084570564523,6.3134194897632945
2023-04-15 12:25:00,19.43,-0.10288066751069636,6.210538822252598
2023-04-15 12:30:00,19.44,0.05145356429445691,6.261992386547055
2023-04-15 12:35:00,19.43,-0.05145356429445691,6.210538822252598
2023-04-15 12:40:00,19.47,0.20565559947596235,6.4161944217285605
2023-04-15 12:45:00,19.39,-0.41173501295475035,6.00445940877381
2023-04-15 12:50:00,19.42,0.1545993608618179,6.159058769635628
2023-04-15 12:55:00,19.4,-0.10303967938964931,6.056019090245979
2023-04-15 13:00:00,19.42,0.10303967938964931,6.159058769635628
2023-04-15 13:05:00,19.45,0.15436072012766644,6.3134194897632945
2023-04-15 13:10:00,19.44,-0.051427103216239445,6.261992386547055
2023-04-15 13:15:00,19.44,0.0,6.261992386547055
2023-04-15 13:20:00,19.33,-0.5674505812053532,5.694541805341702
2023-04-15 13:25:00,19.27,-0.31088107939645226,5.38366072594525
2023-04-15 13:30:00,19.25,-0.10384216924816947,5.27981855669708
2023-04-15 13:35:00,19.17,-0.41645036762401055,4.86336818907307
2023-04-15 13:40:00,19.15,-0.10438414308984179,4.758984045983228
2023-04-15 13:45:00,19.17,0.10438414308984179,4.86336818907307
2023-04-15 13:50:00,19.15,-0.10438414308984179,4.758984045983228
2023-04-15 13:55:00,19.13,-0.10449321744934181,4.654490828533886
2023-04-15 14:00:00,19.11,-0.10460251999795389,4.549888308535932
2023-04-15 14:05:00,19.11,0.0,4.549888308535932
2023-04-15 14:10:00,19.17,0.3134798805371375,4.86336818907307
2023-04-15 14:15:00,19.19,0.104275296205536,4.9676434852786056
2023-04-15 14:20:00,19.2,0.05209690141274592,5.0197403866913515
2023-04-15 14:25:00,19.19,-0.05209690141274592,4.9676434852786056
2023-04-15 14:30:00,19.2,0.05209690141274592,5.0197403866913515
2023-04-15 14:35:00,19.23,0.15612805669524832,5.1758684433866
2023-04-15 14:40:00,19.22,-0.05201560585419429,5.1238528375324055
2023-04-15 14:45:00,19.22,0.0,5.1238528375324055
2023-04-15 14:50:00,19.22,0.0,5.1238528375324055
2023-04-15 14:55:00,19.18,-0.20833340868544603,4.9155194288469595
2023-04-15 15:00:00,19.17,-0.05215123977388991,4.86336818907307
2023-04-15 15:05:00,19.21,0.20844197229119565,5.071810161364265
2023-04-15 15:10:00,19.25,0.2080083953328149,5.27981855669708
2023-04-15 15:15:00,19.22,-0.1559657191646746,5.1238528375324055
2023-04-15 15:20:00,19.24,0.10400416954139402,5.2278570070737995
2023-04-15 15:25:00,19.27,0.15580371887145006,5.38366072594525
2023-04-15 15:30:00,19.24,-0.15580371887145006,5.2278570070737995
2023-04-15 15:35:00,19.26,0.10389611324188586,5.331753120315685
2023-04-15 15:40:00,19.28,0.10378828124202322,5.435541401557709
2023-04-15 15:45:00,19.27,-0.051880675612459015,5.38366072594525
2023-04-15 15:50:00,19.25,-0.10384216924816947,5.27981855669708
2023-04-15 15:55:00,19.25,0.0,5.27981855669708
2023-04-15 16:00:00,19.19,-0.31217507141847456,4.9676434852786056
2023-04-15 16:05:00,19.22,0.15620935225379995,5.1238528375324055
2023-04-15 16:10:00,19.2,-0.10411245084105403,5.0197403866913515
2023-04-15 16:15:00,19.18,-0.104220957844392,4.9155194288469595
2023-04-15 16:20:00,19.17,-0.05215123977388991,4.86336818907307
2023-04-15 16:25:00,19.21,0.20844197229119565,5.071810161364265
2023-04-15 16:30:00,19.21,0.0,5.071810161364265
2023-04-15 16:35:00,19.19,-0.10416667608565966,4.9676434852786056
2023-04-15 16:40:00,19.21,0.10416667608565966,5.071810161364265
2023-04-15 16:45:00,19.21,0.0,5.071810161364265
2023-04-15 16:50:00,19.2,-0.05206977467291374,5.0197403866913515
2023-04-15 16:55:00,19.17,-0.15637219761828192,4.86336818907307
2023-04-15 17:00:00,19.22,0.26048464845933594,5.1238528375324055
2023-04-15 17:05:00,19.2,-0.10411245084105403,5.0197403866913515
2023-04-15 17:10:00,19.17,-0.15637219761828192,4.86336818907307
2023-04-15 17:15:00,19.19,0.104275296205536,4.9676434852786056
2023-04-15 17:20:00,19.16,-0.15645374768942233,4.811189737589183
2023-04-15 17:25:00,19.1,-0.31364374901299286,4.49754598857619
2023-04-15 17:30:00,19.1,0.0,4.49754598857619
2023-04-15 17:35:00,19.04,-0.31463056893650254,4.182915419639688
2023-04-15 17:40:00,19.07,0.15743902491083261,4.34035444455052
2023-04-15 17:45:00,19.08,0.05242464078127895,4.392779085331799
2023-04-15 17:50:00,19.08,0.0,4.392779085331799
2023-04-15 17:55:00,19.08,0.0,4.392779085331799
2023-04-15 18:00:00,19.06,-0.10487677940846929,4.28790230592333
2023-04-15 18:05:00,19.09,0.15727395116003073,4.445176257083361
2023-04-15 18:10:00,19.09,0.0,4.445176257083361
2023-04-15 18:15:00,19.07,-0.1048218125328404,4.34035444455052
2023-04-15 18:20:00,19.08,0.05242464078127895,4.392779085331799
2023-04-15 18:25:00,19.13,0.26171174320208657,4.654490828533886
2023-04-15 18:30:00,19.12,-0.05228758289059776,4.602203245643288
2023-04-15 18:35:00,19.13,0.05228758289059776,4.654490828533886
2023-04-15 18:40:00,19.13,0.0,4.654490828533886
2023-04-15 18:45:00,19.13,0.0,4.654490828533886
2023-04-15 18:50:00,19.13,0.0,4.654490828533886
2023-04-15 18:55:00,19.15,0.10449321744934181,4.758984045983228
2023-04-15 19:00:00,19.15,0.0,4.758984045983228
2023-04-15 19:05:00,19.15,0.0,4.758984045983228
2023-04-15 19:10:00,19.15,0.0,4.758984045983228
2023-04-15 19:15:00,19.12,-0.15678080033993957,4.602203245643288
2023-04-15 19:20:00,19.09,-0.15702698855992736,4.445176257083361
2023-04-15 19:25:00,19.11,0.10471205145257123,4.549888308535932
2023-04-15 19:30:00,19.1,-0.0523423199597417,4.49754598857619
2023-04-15 19:35:00,19.13,0.1569448399576956,4.654490828533886
2023-04-15 19:40:00,19.13,0.0,4.654490828533886
2023-04-15 19:45:00,19.06,-0.36658852261055586,4.28790230592333
2023-04-15 19:50:00,19.04,-0.10498688628364228,4.182915419639688
2023-04-15 19:55:00,19.07,0.15743902491083261,4.34035444455052
2023-04-15 20:00:00,19.11,0.20953386398541163,4.549888308535932
2023-04-15 20:05:00,19.1,-0.0523423199597417,4.49754598857619
2023-04-15 20:10:00,19.11,0.0523423199597417,4.549888308535932
2023-04-15 20:15:00,19.11,0.0,4.549888308535932
2023-04-15 20:20:00,19.12,0.05231493710735613,4.602203245643288
2023-04-15 20:25:00,19.1,-0.10465725706709783,4.49754598857619
2023-04-15 20:30:00,19.12,0.10465725706709783,4.602203245643288
2023-04-15 20:35:00,19.11,-0.05231493710735613,4.549888308535932
2023-04-15 20:40:00,19.06,-0.26198600261260196,4.28790230592333
2023-04-15 20:45:00,19.07,0.05245213862719034,4.34035444455052
2023-04-15 20:50:00,19.02,-0.2625362495083383,4.077818195042182
2023-04-15 20:55:00,19.04,0.1050972245975057,4.182915419639688
2023-04-15 21:00:00,19.03,-0.05253480551612455,4.130380614123563
2023-04-15 21:05:00,19.03,0.0,4.130380614123563
2023-04-15 21:10:00,19.0,-0.15777021416178982,3.9726103999617735
2023-04-15 21:15:00,19.01,0.05261773338975928,4.025228133351533
2023-04-15 21:20:00,19.05,0.21019450723720468,4.235422640588737
2023-04-15 21:25:00,19.04,-0.05250722094904958,4.182915419639688
2023-04-15 21:30:00,19.06,0.10498688628364228,4.28790230592333
2023-04-15 21:35:00,19.08,0.10487677940846929,4.392779085331799
2023-04-15 21:40:00,19.08,0.0,4.392779085331799
2023-04-15 21:45:00,19.08,0.0,4.392779085331799
2023-04-15 21:50:00,19.06,-0.10487677940846929,4.28790230592333
2023-04-15 21:55:00,19.05,-0.052479665334592696,4.235422640588737
2023-04-15 22:00:00,19.06,0.052479665334592696,4.28790230592333
2023-04-15 22:05:00,19.08,0.10487677940846929,4.392779085331799
2023-04-15 22:10:00,19.09,0.052397171751561444,4.445176257083361
2023-04-15 22:15:00,19.09,0.0,4.445176257083361
2023-04-15 22:20:00,19.09,0.0,4.445176257083361
2023-04-15 22:25:00,19.11,0.10471205145257123,4.549888308535932
2023-04-15 22:30:00,19.12,0.05231493710735613,4.602203245643288
2023-04-15 22:35:00,19.12,0.0,4.602203245643288
2023-04-15 22:40:00,19.12,0.0,4.602203245643288
2023-04-15 22:45:00,19.14,0.10454784015530016,4.706751085798588
2023-04-15 22:50:00,19.13,-0.0522602572647024,4.654490828533886
2023-04-15 22:55:00,19.13,0.0,4.654490828533886
2023-04-15 23:00:00,19.12,-0.05228758289059776,4.602203245643288
2023-04-15 23:05:00,19.13,0.05228758289059776,4.654490828533886
2023-04-15 23:10:00,19.12,-0.05228758289059776,4.602203245643288
2023-04-15 23:15:00,19.12,0.0,4.602203245643288
2023-04-15 23:20:00,19.13,0.05228758289059776,4.654490828533886
2023-04-15 23:25:00,19.12,-0.05228758289059776,4.602203245643288
2023-04-15 23:30:00,19.12,0.0,4.602203245643288
2023-04-15 23:35:00,19.11,-0.05231493710735613,4.549888308535932
2023-04-15 23:40:00,19.11,0.0,4.549888308535932
2023-04-15 23:45:00,19.11,0.0,4.549888308535932
2023-04-15 23:50:00,19.08,-0.15710922320413268,4.392779085331799
2023-04-15 23:55:00,19.08,0.0,4.392779085331799
2023-04-16 00:05:00,19.05,-0.15735644474306199,4.235422640588737
2023-04-16 00:10:00,19.08,0.15735644474306199,4.392779085331799
2023-04-16 00:15:00,19.03,-0.2623984712082361,4.130380614123563
2023-04-16 00:20:00,19.07,0.20997383042695716,4.34035444455052
2023-04-16 00:25:00,19.04,-0.15743902491083261,4.182915419639688
2023-04-16 00:30:00,19.07,0.15743902491083261,4.34035444455052
2023-04-16 00:35:00,19.08,0.05242464078127895,4.392779085331799
2023-04-16 00:40:00,19.06,-0.10487677940846929,4.28790230592333
2023-04-16 00:45:00,19.1,0.20964368265286026,4.49754598857619
2023-04-16 00:50:00,19.1,0.0,4.49754598857619
2023-04-16 00:55:00,19.07,-0.15719154402566993,4.34035444455052
2023-04-16 01:00:00,19.04,-0.15743902491083261,4.182915419639688
2023-04-16 01:05:00,19.04,0.0,4.182915419639688
2023-04-16 01:10:00,19.01,-0.1576872862881551,4.025228133351533
2023-04-16 01:15:00,18.91,-0.5274273829971587,3.497800750354374
2023-04-16 01:20:00,18.89,-0.1058201156947991,3.391980634659575
2023-04-16 01:25:00,18.94,0.26434062445139794,3.656321259110973
2023-04-16 01:30:00,18.96,0.10554090689436357,3.7618621660053364
2023-04-16 01:35:00,18.98,0.1054296354905837,3.86729180149592
2023-04-16 01:40:00,18.98,0.0,3.86729180149592
2023-04-16 01:45:00,18.97,-0.05270092348590438,3.8145908780100157
2023-04-16 01:50:00,19.01,0.210637255341517,4.025228133351533
2023-04-16 01:55:00,19.02,0.05259006169064939,4.077818195042182
2023-04-16 02:00:00,19.01,-0.05259006169064939,4.025228133351533
2023-04-16 02:05:00,19.03,0.10515248077203054,4.130380614123563
2023-04-16 02:10:00,19.03,0.0,4.130380614123563
2023-04-16 02:15:00,19.03,0.0,4.130380614123563
2023-04-16 02:20:00,19.04,0.05253480551612455,4.182915419639688
2023-04-16 02:25:00,19.09,0.262260837443673,4.445176257083361
2023-04-16 02:30:00,19.1,0.05236973149282953,4.49754598857619
2023-04-16 02:35:00,19.15,0.2614380574070374,4.758984045983228
2023-04-16 02:40:00,19.17,0.10438414308984179,4.86336818907307
2023-04-16 02:45:00,19.15,-0.10438414308984179,4.758984045983228
2023-04-16 02:50:00,19.12,-0.15678080033993957,4.602203245643288
2023-04-16 02:55:00,19.12,0.0,4.602203245643288
2023-04-16 03:00:00,19.19,0.36544023963531735,4.9676434852786056
2023-04-16 03:05:00,19.19,0.0,4.9676434852786056
2023-04-16 03:10:00,19.16,-0.15645374768942233,4.811189737589183
2023-04-16 03:15:00,19.14,-0.10443865179059486,4.706751085798588
2023-04-16 03:20:00,19.12,-0.10454784015530016,4.602203245643288
2023-04-16 03:25:00,19.11,-0.05231493710735613,4.549888308535932
2023-04-16 03:30:00,19.1,-0.0523423199597417,4.49754598857619
2023-04-16 03:35:00,19.13,0.1569448399576956,4.654490828533886
2023-04-16 03:40:00,19.13,0.0,4.654490828533886
2023-04-16 03:45:00,19.11,-0.10460251999795389,4.549888308535932
2023-04-16 03:50:00,19.14,0.1568627772626563,4.706751085798588
2023-04-16 03:55:00,19.13,-0.0522602572647024,4.654490828533886
2023-04-16 04:00:00,19.15,0.10449321744934181,4.758984045983228
2023-04-16 04:05:00,19.18,0.1565353828637317,4.9155194288469595
2023-04-16 04:10:00,19.18,0.0,4.9155194288469595
2023-04-16 04:15:00,19.19,0.05212405643164608,4.9676434852786056
2023-04-16 04:20:00,19.2,0.05209690141274592,5.0197403866913515
2023-04-16 04:25:00,19.17,-0.15637219761828192,4.86336818907307
2023-04-16 04:30:00,19.18,0.05215123977388991,4.9155194288469595
2023-04-16 04:35:00,19.21,0.15629073251730574,5.071810161364265
2023-04-16 04:40:00,19.19,-0.10416667608565966,4.9676434852786056
2023-04-16 04:45:00,19.2,0.05209690141274592,5.0197403866913515
2023-04-16 04:50:00,19.2,0.0,5.0197403866913515
2023-04-16 04:55:00,19.18,-0.104220957844392,4.9155194288469595
2023-04-16 05:00:00,19.22,0.20833340868544603,5.1238528375324055
2023-04-16 05:05:00,19.21,-0.05204267616814029,5.071810161364265
2023-04-16 05:10:00,19.22,0.05204267616814029,5.1238528375324055
2023-04-16 05:15:00,19.21,-0.05204267616814029,5.071810161364265
2023-04-16 05:20:00,19.22,0.05204267616814029,5.1238528375324055
2023-04-16 05:25:00,19.22,0.0,5.1238528375324055
2023-04-16 05:30:00,19.23,0.05201560585419429,5.1758684433866
2023-04-16 05:35:00,19.26,0.15588467692908559,5.331753120315685
2023-04-16 05:40:00,19.25,-0.05193456361860527,5.27981855669708
2023-04-16 05:45:00,19.24,-0.05196154962328059,5.2278570070737995
2023-04-16 05:50:00,19.24,0.0,5.2278570070737995
2023-04-16 05:55:00,19.22,-0.10400416954139402,5.1238528375324055
2023-04-16 06:00:00,19.24,0.10400416954139402,5.2278570070737995
2023-04-16 06:05:00,19.28,0.20768439448390907,5.435541401557709
2023-04-16 06:10:00,19.27,-0.051880675612459015,5.38366072594525
2023-04-16 06:15:00,19.27,0.0,5.38366072594525
2023-04-16 06:20:00,19.26,-0.0519076056295642,5.331753120315685
2023-04-16 06:25:00,19.23,-0.15588467692908559,5.1758684433866
2023-04-16 06:30:00,19.22,-0.05201560585419429,5.1238528375324055
2023-04-16 06:35:00,19.22,0.0,5.1238528375324055
2023-04-16 06:40:00,19.24,0.10400416954139402,5.2278570070737995
2023-04-16 06:45:00,19.22,-0.10400416954139402,5.1238528375324055
2023-04-16 06:50:00,19.21,-0.05204267616814029,5.071810161364265
2023-04-16 06:55:00,19.2,-0.05206977467291374,5.0197403866913515
2023-04-16 07:00:00,19.2,0.0,5.0197403866913515
2023-04-16 07:05:00,19.24,0.20811662038244805,5.2278570070737995
2023-04-16 07:10:00,19.22,-0.10400416954139402,5.1238528375324055
2023-04-16 07:15:00,19.24,0.10400416954139402,5.2278570070737995
2023-04-16 07:20:00,19.24,0.0,5.2278570070737995
2023-04-16 07:25:00,19.27,0.15580371887145006,5.38366072594525
2023-04-16 07:30:00,19.27,0.0,5.38366072594525
2023-04-16 07:35:00,19.29,0.10373444913627239,5.487395175081522
2023-04-16 07:40:00,19.29,0.0,5.487395175081522
2023-04-16 07:45:00,19.27,-0.10373444913627239,5.38366072594525
2023-04-16 07:50:00,19.31,0.2073614014148184,5.591022127360068
2023-04-16 07:55:00,19.3,-0.05180005295835066,5.539222074401717
2023-04-16 08:00:00,19.36,0.31039859375914247,5.84962066816086
2023-04-16 08:05:00,19.37,0.05163955704734491,5.901260225208205
2023-04-16 08:10:00,19.35,-0.10330579431134801,5.797954430896857
2023-04-16 08:15:00,19.33,-0.10341262555515485,5.694541805341702
2023-04-16 08:20:00,19.35,0.10341262555515485,5.797954430896857
2023-04-16 08:25:00,19.3,-0.25873235649513937,5.539222074401717
2023-04-16 08:30:00,19.3,0.0,5.539222074401717
2023-04-16 08:35:00,19.31,0.05180005295835066,5.591022127360068
2023-04-16 08:40:00,19.31,0.0,5.591022127360068
2023-04-16 08:45:00,19.35,0.2069323035367887,5.797954430896857
2023-04-16 08:50:00,19.34,-0.05169294506428557,5.746261485832571
2023-04-16 08:55:00,19.38,0.20661164374717877,5.95287312957975
2023-04-16 09:00:00,19.39,0.051586279194060225,6.00445940877381
2023-04-16 09:05:00,19.37,-0.10319918356560542,5.901260225208205
2023-04-16 09:10:00,19.35,-0.10330579431134801,5.797954430896857
2023-04-16 09:15:00,19.33,-0.10341262555515485,5.694541805341702
2023-04-16 09:20:00,19.33,0.0,5.694541805341702
2023-04-16 09:25:00,19.3,-0.15531973093998452,5.539222074401717
2023-04-16 09:30:00,19.31,0.05180005295835066,5.591022127360068
2023-04-16 09:35:00,19.31,0.0,5.591022127360068
2023-04-16 09:40:00,19.32,0.05177323439489179,5.64279536175496
2023-04-16 09:45:00,19.29,-0.1554001866734378,5.487395175081522
2023-04-16 09:50:00,19.31,0.10362695227854601,5.591022127360068
2023-04-16 09:55:00,19.27,-0.2073614014148184,5.38366072594525
2023-04-16 10:00:00,19.21,-0.31185056458098437,5.071810161364265
2023-04-16 10:05:00,19.21,0.0,5.071810161364265
2023-04-16 10:10:00,19.19,-0.10416667608565966,4.9676434852786056
2023-04-16 10:15:00,19.21,0.10416667608565966,5.071810161364265
2023-04-16 10:20:00,19.19,-0.10416667608565966,4.9676434852786056
2023-04-16 10:25:00,19.23,0.20822495810799424,5.1758684433866
2023-04-16 10:30:00,19.21,-0.10405828202233458,5.071810161364265
2023-04-16 10:35:00,19.23,0.10405828202233458,5.1758684433866
2023-04-16 10:40:00,19.2,-0.15612805669524832,5.0197403866913515
2023-04-16 10:45:00,19.25,0.26007817000572864,5.27981855669708
2023-04-16 10:50:00,19.11,-0.729930248161148,4.549888308535932
2023-04-16 10:55:00,19.1,-0.0523423199597417,4.49754598857619
2023-04-16 11:00:00,19.12,0.10465725706709783,4.602203245643288
2023-04-16 11:05:00,19.14,0.10454784015530016,4.706751085798588
2023-04-16 11:10:00,19.13,-0.0522602572647024,4.654490828533886
2023-04-16 11:15:00,19.14,0.0522602572647024,4.706751085798588
2023-04-16 11:20:00,19.13,-0.0522602572647024,4.654490828533886
2023-04-16 11:25:00,19.09,-0.20931457145052512,4.445176257083361
2023-04-16 11:30:00,19.11,0.10471205145257123,4.549888308535932
2023-04-16 11:35:00,19.11,0.0,4.549888308535932
2023-04-16 11:40:00,19.07,-0.20953386398541163,4.34035444455052
2023-04-16 11:45:00,19.05,-0.10493180396178303,4.235422640588737
2023-04-16 11:50:00,19.07,0.10493180396178303,4.34035444455052
2023-04-16 11:55:00,19.09,0.1048218125328404,4.445176257083361
2023-04-16 12:00:00,19.05,-0.20975361649462343,4.235422640588737
2023-04-16 12:05:00,19.1,0.26212334798745296,4.49754598857619
2023-04-16 12:10:00,19.11,0.0523423199597417,4.549888308535932
2023-04-16 12:15:00,19.12,0.05231493710735613,4.602203245643288
2023-04-16 12:20:00,19.13,0.05228758289059776,4.654490828533886
2023-04-16 12:25:00,19.1,-0.1569448399576956,4.49754598857619
2023-04-16 12:30:00,19.1,0.0,4.49754598857619
2023-04-16 12:35:00,19.09,-0.05236973149282953,4.445176257083361
2023-04-16 12:40:00,19.1,0.05236973149282953,4.49754598857619
2023-04-16 12:45:00,19.11,0.0523423199597417,4.549888308535932
2023-04-16 12:50:00,19.1,-0.0523423199597417,4.49754598857619
2023-04-16 12:55:00,19.14,0.209205097222398,4.706751085798588
2023-04-16 13:00:00,19.12,-0.10454784015530016,4.602203245643288
2023-04-16 13:05:00,19.11,-0.05231493710735613,4.549888308535932
2023-04-16 13:10:00,19.11,0.0,4.549888308535932
2023-04-16 13:15:00,19.09,-0.10471205145257123,4.445176257083361
2023-04-16 13:20:00,19.1,0.05236973149282953,4.49754598857619
2023-04-16 13:25:00,19.07,-0.15719154402566993,4.34035444455052
2023-04-16 13:30:00,19.07,0.0,4.34035444455052
2023-04-16 13:35:00,19.08,0.05242464078127895,4.392779085331799
2023-04-16 13:40:00,19.08,0.0,4.392779085331799
2023-04-16 13:45:00,19.08,0.0,4.392779085331799
2023-04-16 13:50:00,19.09,0.052397171751561444,4.445176257083361
2023-04-16 13:55:00,18.98,-0.5778844555874407,3.86729180149592
2023-04-16 14:00:00,19.05,0.3681308390928173,4.235422640588737
2023-04-16 14:05:00,19.07,0.10493180396178303,4.34035444455052
2023-04-16 14:10:00,19.08,0.05242464078127895,4.392779085331799
2023-04-16 14:15:00,19.04,-0.20986366569211157,4.182915419639688
2023-04-16 14:20:00,19.08,0.20986366569211157,4.392779085331799
2023-04-16 14:25:00,19.09,0.052397171751561444,4.445176257083361
2023-04-16 14:30:00,19.06,-0.15727395116003073,4.28790230592333
2023-04-16 14:35:00,19.06,0.0,4.28790230592333
2023-04-16 14:40:00,19.1,0.20964368265286026,4.49754598857619
2023-04-16 14:45:00,19.11,0.0523423199597417,4.549888308535932
2023-04-16 14:50:00,19.11,0.0,4.549888308535932
2023-04-16 14:55:00,19.11,0.0,4.549888308535932
2023-04-16 15:00:00,19.12,0.05231493710735613,4.602203245643288
2023-04-16 15:05:00,19.1,-0.10465725706709783,4.49754598857619
2023-04-16 15:10:00,19.08,-0.10476690324439097,4.392779085331799
2023-04-16 15:15:00,19.08,0.0,4.392779085331799
2023-04-16 15:20:00,19.09,0.052397171751561444,4.445176257083361
2023-04-16 15:25:00,19.12,0.15702698855992736,4.602203245643288
2023-04-16 15:30:00,19.14,0.10454784015530016,4.706751085798588
2023-04-16 15:35:00,19.14,0.0,4.706751085798588
2023-04-16 15:40:00,19.16,0.10443865179059486,4.811189737589183
2023-04-16 15:45:00,19.17,0.052178451483886334,4.86336818907307
2023-04-16 15:50:00,19.2,0.15637219761828192,5.0197403866913515
2023-04-16 15:55:00,19.18,-0.104220957844392,4.9155194288469595
2023-04-16 16:00:00,19.19,0.05212405643164608,4.9676434852786056
2023-04-16 16:05:00,19.18,-0.05212405643164608,4.9155194288469595
2023-04-16 16:10:00,19.17,-0.05215123977388991,4.86336818907307
2023-04-16 16:15:00,19.16,-0.052178451483886334,4.811189737589183
2023-04-16 16:20:00,19.19,0.15645374768942233,4.9676434852786056
2023-04-16 16:25:00,19.19,0.0,4.9676434852786056
2023-04-16 16:30:00,19.17,-0.104275296205536,4.86336818907307
2023-04-16 16:35:00,19.16,-0.052178451483886334,4.811189737589183
2023-04-16 16:40:00,19.2,0.20855064910216825,5.0197403866913515
2023-04-16 16:45:00,19.21,0.05206977467291374,5.071810161364265
2023-04-16 16:50:00,19.23,0.10405828202233458,5.1758684433866
2023-04-16 16:55:00,19.26,0.15588467692908559,5.331753120315685
2023-04-16 17:00:00,19.26,0.0,5.331753120315685
2023-04-16 17:05:00,19.28,0.10378828124202322,5.435541401557709
2023-04-16 17:10:00,19.27,-0.051880675612459015,5.38366072594525
2023-04-16 17:15:00,19.28,0.051880675612459015,5.435541401557709
2023-04-16 17:20:00,19.3,0.10368067284400873,5.539222074401717
2023-04-16 17:25:00,19.29,-0.05182689932019535,5.487395175081522
2023-04-16 17:30:00,19.28,-0.05185377352381337,5.435541401557709
2023-04-16 17:35:00,19.22,-0.3116885640253031,5.1238528375324055
2023-04-16 17:40:00,19.19,-0.15620935225379995,4.9676434852786056
2023-04-16 17:45:00,19.19,0.0,4.9676434852786056
2023-04-16 17:50:00,19.19,0.0,4.9676434852786056
2023-04-16 17:55:00,19.2,0.05209690141274592,5.0197403866913515
2023-04-16 18:00:00,19.19,-0.05209690141274592,4.9676434852786056
2023-04-16 18:05:00,19.21,0.10416667608565966,5.071810161364265
2023-04-16 18:10:00,19.2,-0.05206977467291374,5.0197403866913515
2023-04-16 18:15:00,19.22,0.10411245084105403,5.1238528375324055
2023-04-16 18:20:00,19.23,0.05201560585419429,5.1758684433866
2023-04-16 18:25:00,19.24,0.05198856368719973,5.2278570070737995
2023-04-16 18:30:00,19.26,0.10389611324188586,5.331753120315685
2023-04-16 18:35:00,19.25,-0.05193456361860527,5.27981855669708
2023-04-16 18:40:00,19.26,0.05193456361860527,5.331753120315685
2023-04-16 18:45:00,19.27,0.0519076056295642,5.38366072594525
2023-04-16 18:50:00,19.29,0.10373444913627239,5.487395175081522
2023-04-16 18:55:00,19.3,0.05182689932019535,5.539222074401717
2023-04-16 19:00:00,19.38,0.4136510551780326,5.95287312957975
2023-04-16 19:05:00,19.39,0.051586279194060225,6.00445940877381
2023-04-16 19:10:00,19.4,0.051559681472168606,6.056019090245979
2023-04-16 19:15:00,19.42,0.10303967938964931,6.159058769635628
2023-04-16 19:20:00,19.44,0.102933616911427,6.261992386547055
2023-04-16 19:25:00,19.45,0.051427103216239445,6.3134194897632945
2023-04-16 19:30:00,19.4,-0.25740039951731575,6.056019090245979
2023-04-16 19:35:00,19.49,0.4628447450186979,6.518863835264677
2023-04-16 19:40:00,19.48,-0.051321530508019464,6.467542304756657
2023-04-16 19:45:00,19.43,-0.257003482504059,6.210538822252598
2023-04-16 19:50:00,19.42,-0.051480052616970085,6.159058769635628
2023-04-16 19:55:00,19.41,-0.05150656822601185,6.107552201409616
2023-04-16 20:00:00,19.31,-0.5165300740495482,5.591022127360068
2023-04-16 20:05:00,19.19,-0.6233786420814624,4.9676434852786056
2023-04-16 20:10:00,19.22,0.15620935225379995,5.1238528375324055
2023-04-16 20:15:00,19.25,0.1559657191646746,5.27981855669708
2023-04-16 20:20:00,19.29,0.20757661838444186,5.487395175081522
2023-04-16 20:25:00,19.29,0.0,5.487395175081522
2023-04-16 20:30:00,19.3,0.05182689932019535,5.539222074401717
2023-04-16 20:35:00,19.53,1.1846648977747787,6.723886972176496
2023-04-16 20:40:00,19.6,0.35778213478843135,7.081669106964927
2023-04-16 20:45:00,19.55,-0.2554279805096815,6.826241126455246
2023-04-16 20:50:00,19.62,0.35741677058420684,7.183657897039453
2023-04-16 20:55:00,19.77,0.7616183045308311,7.945276201570284
2023-04-16 21:00:00,19.75,-0.10121458353946622,7.844061618030818
2023-04-16 21:05:00,19.77,0.10121458353946622,7.945276201570284
2023-04-16 21:10:00,19.92,0.7558614973926847,8.701137698962969
2023-04-16 21:15:00,19.92,0.0,8.701137698962969
2023-04-16 21:20:00,20.07,0.7501910651794397,9.451328764142408
2023-04-16 21:25:00,20.19,0.5961269516499446,10.047455715792353
2023-04-16 21:30:00,20.14,-0.24795450343297887,9.799501212359374
2023-04-16 21:35:00,20.24,0.49529571288484675,10.29479692524422
2023-04-16 21:40:00,20.27,0.14811160446437377,10.442908529708594
2023-04-16 21:45:00,20.36,0.44302312184134607,10.88593165154994
2023-04-16 21:50:00,20.44,0.3921573653181909,11.278089016868131
2023-04-16 21:55:00,20.32,-0.5888142625222859,10.689274754345846
2023-04-16 22:00:00,20.47,0.7354776962916976,11.424752450637543
2023-04-16 22:05:00,20.32,-0.7354776962916976,10.689274754345846
2023-04-16 22:10:00,20.29,-0.1477468872557619,10.541527867090084
2023-04-16 22:15:00,20.3,0.04927322100183318,10.590801088091917
2023-04-16 22:20:00,20.29,-0.04927322100183318,10.541527867090084
2023-04-16 22:25:00,20.22,-0.34559402453981924,10.195933842550264
2023-04-16 22:30:00,20.24,0.09886308269395627,10.29479692524422
2023-04-16 22:35:00,20.4,0.7874056430905885,11.082202568334809
2023-04-16 22:40:00,20.43,0.1469507979360074,11.229153366270817
2023-04-16 22:45:00,20.42,-0.048959609301091334,11.180193756969725
2023-04-16 22:50:00,20.41,-0.048983591476625676,11.1312101654931
2023-04-16 22:55:00,20.43,0.09794320077771701,11.229153366270817
2023-04-16 23:00:00,20.42,-0.048959609301091334,11.180193756969725
2023-04-16 23:05:00,20.4,-0.09799118863491607,11.082202568334809
2023-04-16 23:10:00,20.35,-0.24539889615664556,10.836803672178164
2023-04-16 23:15:00,20.31,-0.19675362963109677,10.640050042547067
2023-04-16 23:20:00,20.34,0.14760150281207807,10.787651545359145
2023-04-16 23:25:00,20.27,-0.34474301565055043,10.442908529708594
2023-04-16 23:30:00,20.23,-0.19753092842544895,10.245377601283145
2023-04-16 23:35:00,20.21,-0.09891197641240801,10.146465624870737
2023-04-16 23:40:00,20.12,-0.4463186183991219,9.700147006471616
2023-04-16 23:45:00,20.16,0.1986097971629075,9.898756803634523
2023-04-16 23:50:00,20.17,0.04959087629528014,9.948347679929803
2023-04-16 23:55:00,20.2,0.14862524410386158,10.096972924033665
